class,precision,recall,f1,support
CATARACT,0.23958333333333334,0.8214285714285714,0.3709677419354839,56
DR,0.0,0.0,0.0,56
GLAUCOMA,0.4444444444444444,0.21428571428571427,0.2891566265060241,56
NORMAL,0.2,0.017857142857142856,0.03278688524590164,56
